[
  {
    "id": "293f5c90-e3ba-4386-9de4-64fd641b03a8",
    "fecha": "2025-09-30 13:12",
    "cliente": "1223",
    "plantilla": "CM360LR.docx",
    "monto": "US$4,690.00",
    "docx": "C:/Users/manuel.rayotorres/Downloads/Cotizacion_1223_20250930_1312.docx",
    "pdf": "C:/Users/manuel.rayotorres/Downloads/Cotizacion_1223_20250930_1312.pdf"
  },
  {
    "id": "9b5db414-644c-4405-8403-39e376cfe24e",
    "fecha": "2025-09-30 13:13",
    "cliente": "11111111111111111111111111111",
    "plantilla": "CM360LR.docx",
    "monto": "US$4,690.00",
    "docx": "C:/Users/manuel.rayotorres/Downloads/Cotizacion_11111111111111111111111111111_20250930_1313.docx",
    "pdf": "C:/Users/manuel.rayotorres/Downloads/Cotizacion_11111111111111111111111111111_20250930_1313.pdf"
  }
]