[
  {
    "fecha": "2025-09-29 11:26",
    "cliente": "Hecho3",
    "plantilla": "Cotizacion Materials.docx",
    "monto": "$ 6,960.00 MXN",
    "docx": "C:/Users/manuel.rayotorres/OneDrive - VC999 Packaging Systems/Desktop/Hecho3 29-09-2025.docx",
    "pdf": "C:/Users/manuel.rayotorres/OneDrive - VC999 Packaging Systems/Desktop/Hecho3 29-09-2025.pdf"
  },
  {
    "fecha": "2025-09-29 12:05",
    "cliente": "Hecho4",
    "plantilla": "Cotizacion Materials.docx",
    "monto": "$ 6,960.00 MXN",
    "docx": "C:/Users/manuel.rayotorres/OneDrive - VC999 Packaging Systems/Desktop/Hecho4 29-09-2025.docx",
    "pdf": "C:/Users/manuel.rayotorres/OneDrive - VC999 Packaging Systems/Desktop/Hecho4 29-09-2025.pdf"
  },
  {
    "fecha": "2025-09-29 12:30",
    "cliente": "Hecho5",
    "plantilla": "Cotizacion Materials.docx",
    "monto": "$ 6,960.00 MXN",
    "docx": "C:/Users/manuel.rayotorres/OneDrive - VC999 Packaging Systems/Desktop/Hecho5 29-09-2025.docx",
    "pdf": "C:/Users/manuel.rayotorres/OneDrive - VC999 Packaging Systems/Desktop/Hecho5 29-09-2025.pdf"
  },
  {
    "fecha": "2025-09-29 12:31",
    "cliente": "Hecho6",
    "plantilla": "Cotizacion Materials.docx",
    "monto": "$ 6,960.00 MXN",
    "docx": "C:/Users/manuel.rayotorres/OneDrive - VC999 Packaging Systems/Desktop/Hecho6 29-09-2025.docx",
    "pdf": "C:/Users/manuel.rayotorres/OneDrive - VC999 Packaging Systems/Desktop/Hecho6 29-09-2025.pdf"
  },
  {
    "fecha": "2025-09-29 12:32",
    "cliente": "Hecho7",
    "plantilla": "Cotizacion Materials.docx",
    "monto": "$ 6,960.00 MXN",
    "docx": "C:/Users/manuel.rayotorres/OneDrive - VC999 Packaging Systems/Desktop/Hecho7 29-09-2025.docx",
    "pdf": "C:/Users/manuel.rayotorres/OneDrive - VC999 Packaging Systems/Desktop/Hecho7 29-09-2025.pdf"
  },
  {
    "fecha": "2025-09-29 12:32",
    "cliente": "Hecho8",
    "plantilla": "Cotizacion Materials.docx",
    "monto": "$ 6,960.00 MXN",
    "docx": "C:/Users/manuel.rayotorres/OneDrive - VC999 Packaging Systems/Desktop/Hecho8 29-09-2025.docx",
    "pdf": "C:/Users/manuel.rayotorres/OneDrive - VC999 Packaging Systems/Desktop/Hecho8 29-09-2025.pdf"
  },
  {
    "fecha": "2025-09-29 15:29",
    "cliente": "Cliente",
    "plantilla": "Cotizacion Materials.docx",
    "monto": "$ 0.00 MXN",
    "docx": "C:/Users/manuel.rayotorres/OneDrive - VC999 Packaging Systems/Desktop/Cliente 29-09-2025.docx",
    "pdf": "C:/Users/manuel.rayotorres/OneDrive - VC999 Packaging Systems/Desktop/Cliente 29-09-2025.pdf"
  }
]